﻿{"cameraMode":{"drawMode":0,"name":"Shaded","section":"Shading Mode"},"sceneLighting":true,"audioPlay":false,"sceneViewState":{"showFog":true,"showMaterialUpdate":false,"showSkybox":true,"showFlares":true,"showImageEffects":true,"showParticleSystems":true},"in2DMode":false,"pivot":{"x":339.66351318359377,"y":0.6426884531974793,"z":18.1594295501709},"rotation":{"x":-0.5307649374008179,"y":0.0012787587475031615,"z":-0.0007982039242051542,"w":-0.8475272059440613},"size":992.792236328125,"orthographic":true}