﻿{"cameraMode":{"drawMode":0,"name":"Shaded","section":"Shading Mode"},"sceneLighting":true,"audioPlay":false,"sceneViewState":{"showFog":true,"showMaterialUpdate":false,"showSkybox":true,"showFlares":true,"showImageEffects":true,"showParticleSystems":true},"in2DMode":false,"pivot":{"x":214.059814453125,"y":120.59210968017578,"z":46.66351318359375},"rotation":{"x":0.11871878802776337,"y":-0.04819034785032272,"z":0.03341595456004143,"w":0.9911949634552002},"size":250.77822875976563,"orthographic":false}