﻿{"cameraMode":{"drawMode":0,"name":"Shaded","section":"Shading Mode"},"sceneLighting":true,"audioPlay":false,"sceneViewState":{"showFog":true,"showMaterialUpdate":false,"showSkybox":true,"showFlares":true,"showImageEffects":true,"showParticleSystems":true},"in2DMode":false,"pivot":{"x":543.7987060546875,"y":139.04664611816407,"z":94.85810089111328},"rotation":{"x":0.33457016944885256,"y":0.035327620804309848,"z":-0.012552361004054547,"w":0.9416278004646301},"size":688.5361328125,"orthographic":false}